{"skeleton":{"hash":"Uv9KlSHOKzkSxyjygd34XeJr+ZA","spine":"3.6.52","width":786,"height":247,"images":"../0png/images/"},"bones":[{"name":"root"},{"name":"main","parent":"root","y":-3},{"name":"btn_s","parent":"main"},{"name":"guang_zhuan","parent":"main","x":94,"y":22,"scaleX":1.2,"scaleY":1.2},{"name":"jinbi","parent":"main"},{"name":"jinbi2","parent":"jinbi","transform":"noScale"},{"name":"jinbi3","parent":"jinbi","transform":"noScale"},{"name":"jinbi4","parent":"jinbi","transform":"noScale"},{"name":"kuang_guang","parent":"main","scaleX":2},{"name":"logo","parent":"main","x":-67,"y":51.5},{"name":"symbol","parent":"main","x":-70,"y":-17.5},{"name":"wild","parent":"main","x":95.5,"y":27.5},{"name":"wild_s","parent":"wild","x":-95.5,"y":-27.5},{"name":"xtra_s","parent":"logo","x":67,"y":-51.5}],"slots":[{"name":"bg_xmas","bone":"main","attachment":"bg_xmas"},{"name":"guang_zhuan","bone":"guang_zhuan","attachment":"guang_00"},{"name":"guang_zhuan2","bone":"guang_zhuan","attachment":"guang_00","additive":1},{"name":"coins3","bone":"jinbi3","attachment":"coins3"},{"name":"coin2","bone":"jinbi2","attachment":"coin2"},{"name":"kuang","bone":"main","attachment":"kuang"},{"name":"symbol","bone":"symbol","attachment":"symbol"},{"name":"kuang_guang","bone":"kuang_guang","attachment":"kuang_guang_00","additive":1},{"name":"kuang_xmas","bone":"main","attachment":"kuang_xmas"},{"name":"youarrow","bone":"main","attachment":"youarrow"},{"name":"zuoarrow","bone":"main","attachment":"zuoarrow"},{"name":"wild","bone":"wild","attachment":"wild"},{"name":"wild_s","bone":"wild_s","additive":1},{"name":"logo","bone":"logo","attachment":"logo"},{"name":"xtra_s","bone":"xtra_s","additive":1},{"name":"btn","bone":"main","attachment":"btn"},{"name":"btn_s","bone":"btn_s","additive":1},{"name":"coins4_2","bone":"jinbi4","attachment":"coins4_2"}],"skins":{"default":{"bg_xmas":{"bg_xmas":{"width":393,"height":244}},"btn":{"btn":{"y":-69,"width":213,"height":52}},"btn_s":{"btn_s/a_00":{"width":320,"height":250},"btn_s/a_01":{"width":320,"height":250},"btn_s/a_02":{"width":320,"height":250},"btn_s/a_03":{"width":320,"height":250},"btn_s/a_04":{"width":320,"height":250},"btn_s/a_05":{"width":320,"height":250},"btn_s/a_06":{"width":320,"height":250},"btn_s/a_07":{"width":320,"height":250},"btn_s/a_08":{"width":320,"height":250},"btn_s/a_09":{"width":320,"height":250},"btn_s/a_10":{"width":320,"height":250},"btn_s/a_11":{"width":320,"height":250},"btn_s/a_12":{"width":320,"height":250},"btn_s/a_13":{"width":320,"height":250},"btn_s/a_14":{"width":320,"height":250},"btn_s/a_15":{"width":320,"height":250},"btn_s/a_16":{"width":320,"height":250},"btn_s/a_17":{"width":320,"height":250},"btn_s/a_18":{"width":320,"height":250},"btn_s/a_19":{"width":320,"height":250},"btn_s/a_20":{"width":320,"height":250},"btn_s/a_21":{"width":320,"height":250},"btn_s/a_22":{"width":320,"height":250},"btn_s/a_23":{"width":320,"height":250},"btn_s/a_24":{"width":320,"height":250},"btn_s/a_25":{"width":320,"height":250},"btn_s/a_26":{"width":320,"height":250},"btn_s/a_27":{"width":320,"height":250},"btn_s/a_28":{"width":320,"height":250},"btn_s/a_29":{"width":320,"height":250},"btn_s/a_30":{"width":320,"height":250},"btn_s/a_31":{"width":320,"height":250},"btn_s/a_32":{"width":320,"height":250},"btn_s/a_33":{"width":320,"height":250},"btn_s/a_34":{"width":320,"height":250},"btn_s/a_35":{"width":320,"height":250},"btn_s/a_36":{"width":320,"height":250},"btn_s/a_37":{"width":320,"height":250},"btn_s/a_38":{"width":320,"height":250},"btn_s/a_39":{"width":320,"height":250},"btn_s/a_40":{"width":320,"height":250}},"coin2":{"coin2":{"x":3.5,"y":88.5,"width":54,"height":49}},"coins3":{"coins3":{"x":165,"y":-17,"width":33,"height":40}},"coins4_2":{"coins4_2":{"y":3,"width":393,"height":244}},"guang_zhuan":{"guang_00":{"width":150,"height":150}},"guang_zhuan2":{"guang_00":{"width":150,"height":150}},"kuang":{"kuang":{"x":-66.5,"y":-17.5,"width":204,"height":85}},"kuang_guang":{"kuang_guang_00":{"width":393,"height":244}},"kuang_xmas":{"kuang_xmas":{"y":3,"width":393,"height":244}},"logo":{"logo":{"width":127,"height":101}},"symbol":{"symbol":{"width":169,"height":41}},"wild":{"wild":{"width":134,"height":129}},"wild_s":{"logo_wild/a_00":{"width":393,"height":244},"logo_wild/a_01":{"width":393,"height":244},"logo_wild/a_02":{"width":393,"height":244},"logo_wild/a_03":{"width":393,"height":244},"logo_wild/a_04":{"width":393,"height":244},"logo_wild/a_05":{"width":393,"height":244},"logo_wild/a_06":{"width":393,"height":244},"logo_wild/a_07":{"width":393,"height":244},"logo_wild/a_08":{"width":393,"height":244},"logo_wild/a_09":{"width":393,"height":244},"logo_wild/a_10":{"width":393,"height":244},"logo_wild/a_11":{"width":393,"height":244},"logo_wild/a_12":{"width":393,"height":244},"logo_wild/a_13":{"width":393,"height":244},"logo_wild/a_14":{"width":393,"height":244},"logo_wild/a_15":{"width":393,"height":244},"logo_wild/a_16":{"width":393,"height":244},"logo_wild/a_17":{"width":393,"height":244},"logo_wild/a_18":{"width":393,"height":244},"logo_wild/a_19":{"width":393,"height":244},"logo_wild/a_20":{"width":393,"height":244},"logo_wild/a_21":{"width":393,"height":244},"logo_wild/a_22":{"width":393,"height":244},"logo_wild/a_23":{"width":393,"height":244},"logo_wild/a_24":{"width":393,"height":244},"logo_wild/a_25":{"width":393,"height":244},"logo_wild/a_26":{"width":393,"height":244},"logo_wild/a_27":{"width":393,"height":244},"logo_wild/a_28":{"width":393,"height":244},"logo_wild/a_29":{"width":393,"height":244},"logo_wild/a_30":{"width":393,"height":244}},"xtra_s":{"logo_xtra/a_00":{"width":393,"height":244},"logo_xtra/a_01":{"width":393,"height":244},"logo_xtra/a_02":{"width":393,"height":244},"logo_xtra/a_03":{"width":393,"height":244},"logo_xtra/a_04":{"width":393,"height":244},"logo_xtra/a_05":{"width":393,"height":244},"logo_xtra/a_06":{"width":393,"height":244},"logo_xtra/a_07":{"width":393,"height":244},"logo_xtra/a_08":{"width":393,"height":244},"logo_xtra/a_09":{"width":393,"height":244},"logo_xtra/a_10":{"width":393,"height":244},"logo_xtra/a_11":{"width":393,"height":244},"logo_xtra/a_12":{"width":393,"height":244},"logo_xtra/a_13":{"width":393,"height":244},"logo_xtra/a_14":{"width":393,"height":244},"logo_xtra/a_15":{"width":393,"height":244},"logo_xtra/a_16":{"width":393,"height":244},"logo_xtra/a_17":{"width":393,"height":244},"logo_xtra/a_18":{"width":393,"height":244},"logo_xtra/a_19":{"width":393,"height":244},"logo_xtra/a_20":{"width":393,"height":244},"logo_xtra/a_21":{"width":393,"height":244},"logo_xtra/a_22":{"width":393,"height":244},"logo_xtra/a_23":{"width":393,"height":244},"logo_xtra/a_24":{"width":393,"height":244},"logo_xtra/a_25":{"width":393,"height":244}},"youarrow":{"youarrow":{"x":16.5,"y":-19.5,"width":10,"height":11}},"zuoarrow":{"zuoarrow":{"x":-149,"y":-19.5,"width":11,"height":11}}}},"animations":{"animation":{"slots":{"btn_s":{"attachment":[{"time":0,"name":null},{"time":0.1667,"name":"btn_s/a_00"},{"time":0.2,"name":"btn_s/a_01"},{"time":0.2333,"name":"btn_s/a_02"},{"time":0.2667,"name":"btn_s/a_03"},{"time":0.3,"name":"btn_s/a_04"},{"time":0.3333,"name":"btn_s/a_05"},{"time":0.3667,"name":"btn_s/a_06"},{"time":0.4,"name":"btn_s/a_07"},{"time":0.4333,"name":"btn_s/a_08"},{"time":0.4667,"name":"btn_s/a_09"},{"time":0.5,"name":"btn_s/a_10"},{"time":0.5333,"name":"btn_s/a_11"},{"time":0.5667,"name":"btn_s/a_12"},{"time":0.6,"name":"btn_s/a_13"},{"time":0.6333,"name":"btn_s/a_14"},{"time":0.6667,"name":"btn_s/a_15"},{"time":0.7,"name":"btn_s/a_16"},{"time":0.7333,"name":"btn_s/a_17"},{"time":0.7667,"name":"btn_s/a_18"},{"time":0.8,"name":"btn_s/a_19"},{"time":0.8333,"name":"btn_s/a_20"},{"time":0.8667,"name":"btn_s/a_21"},{"time":0.9,"name":"btn_s/a_22"},{"time":0.9333,"name":"btn_s/a_23"},{"time":0.9667,"name":"btn_s/a_24"},{"time":1,"name":"btn_s/a_25"},{"time":1.0333,"name":"btn_s/a_26"},{"time":1.0667,"name":"btn_s/a_27"},{"time":1.1,"name":"btn_s/a_28"},{"time":1.1333,"name":"btn_s/a_29"},{"time":1.1667,"name":"btn_s/a_30"},{"time":1.2,"name":"btn_s/a_31"},{"time":1.2333,"name":"btn_s/a_32"},{"time":1.2667,"name":"btn_s/a_33"},{"time":1.3,"name":"btn_s/a_34"},{"time":1.3333,"name":"btn_s/a_35"},{"time":1.3667,"name":"btn_s/a_36"},{"time":1.4,"name":"btn_s/a_37"},{"time":1.4333,"name":"btn_s/a_38"},{"time":1.4667,"name":"btn_s/a_39"},{"time":1.5,"name":"btn_s/a_40"},{"time":1.5333,"name":null},{"time":3,"name":null},{"time":3.1667,"name":"btn_s/a_00"},{"time":3.2,"name":"btn_s/a_01"},{"time":3.2333,"name":"btn_s/a_02"},{"time":3.2667,"name":"btn_s/a_03"},{"time":3.3,"name":"btn_s/a_04"},{"time":3.3333,"name":"btn_s/a_05"},{"time":3.3667,"name":"btn_s/a_06"},{"time":3.4,"name":"btn_s/a_07"},{"time":3.4333,"name":"btn_s/a_08"},{"time":3.4667,"name":"btn_s/a_09"},{"time":3.5,"name":"btn_s/a_10"},{"time":3.5333,"name":"btn_s/a_11"},{"time":3.5667,"name":"btn_s/a_12"},{"time":3.6,"name":"btn_s/a_13"},{"time":3.6333,"name":"btn_s/a_14"},{"time":3.6667,"name":"btn_s/a_15"},{"time":3.7,"name":"btn_s/a_16"},{"time":3.7333,"name":"btn_s/a_17"},{"time":3.7667,"name":"btn_s/a_18"},{"time":3.8,"name":"btn_s/a_19"},{"time":3.8333,"name":"btn_s/a_20"},{"time":3.8667,"name":"btn_s/a_21"},{"time":3.9,"name":"btn_s/a_22"},{"time":3.9333,"name":"btn_s/a_23"},{"time":3.9667,"name":"btn_s/a_24"},{"time":4,"name":"btn_s/a_25"},{"time":4.0333,"name":"btn_s/a_26"},{"time":4.0667,"name":"btn_s/a_27"},{"time":4.1,"name":"btn_s/a_28"},{"time":4.1333,"name":"btn_s/a_29"},{"time":4.1667,"name":"btn_s/a_30"},{"time":4.2,"name":"btn_s/a_31"},{"time":4.2333,"name":"btn_s/a_32"},{"time":4.2667,"name":"btn_s/a_33"},{"time":4.3,"name":"btn_s/a_34"},{"time":4.3333,"name":"btn_s/a_35"},{"time":4.3667,"name":"btn_s/a_36"},{"time":4.4,"name":"btn_s/a_37"},{"time":4.4333,"name":"btn_s/a_38"},{"time":4.4667,"name":"btn_s/a_39"},{"time":4.5,"name":"btn_s/a_40"},{"time":4.5333,"name":null}]},"guang_zhuan":{"color":[{"time":0,"color":"ffffffb9"}]},"guang_zhuan2":{"color":[{"time":0,"color":"ffffff32"}]},"kuang_guang":{"color":[{"time":0,"color":"ffffff00","curve":[0.25,0,0.75,1]},{"time":0.5,"color":"feff00ff","curve":[0.25,0,0.75,1]},{"time":1,"color":"ff00e1ff","curve":[0.25,0,0.75,1]},{"time":1.5,"color":"00fff2ff","curve":[0.25,0,0.75,1]},{"time":2,"color":"28ff00ff","curve":[0.25,0,0.75,1]},{"time":2.5,"color":"0002ffff","curve":[0.25,0,0.75,1]},{"time":3,"color":"ffffff00","curve":[0.25,0,0.75,1]},{"time":3.5,"color":"feff00ff","curve":[0.25,0,0.75,1]},{"time":4,"color":"ff00e1ff","curve":[0.25,0,0.75,1]},{"time":4.5,"color":"00fff2ff","curve":[0.25,0,0.75,1]},{"time":5,"color":"28ff00ff","curve":[0.25,0,0.75,1]},{"time":5.5,"color":"0002ffff","curve":[0.25,0,0.75,1]},{"time":6,"color":"ffffff00"}]},"wild_s":{"attachment":[{"time":0,"name":null},{"time":1.1667,"name":"logo_wild/a_00"},{"time":1.2,"name":"logo_wild/a_01"},{"time":1.2333,"name":"logo_wild/a_02"},{"time":1.2667,"name":"logo_wild/a_03"},{"time":1.3,"name":"logo_wild/a_04"},{"time":1.3333,"name":"logo_wild/a_05"},{"time":1.3667,"name":"logo_wild/a_06"},{"time":1.4,"name":"logo_wild/a_07"},{"time":1.4333,"name":"logo_wild/a_08"},{"time":1.4667,"name":"logo_wild/a_09"},{"time":1.5,"name":"logo_wild/a_10"},{"time":1.5333,"name":"logo_wild/a_11"},{"time":1.5667,"name":"logo_wild/a_12"},{"time":1.6,"name":"logo_wild/a_13"},{"time":1.6333,"name":"logo_wild/a_14"},{"time":1.6667,"name":"logo_wild/a_15"},{"time":1.7,"name":"logo_wild/a_16"},{"time":1.7333,"name":"logo_wild/a_17"},{"time":1.7667,"name":"logo_wild/a_18"},{"time":1.8,"name":"logo_wild/a_19"},{"time":1.8333,"name":"logo_wild/a_20"},{"time":1.8667,"name":"logo_wild/a_21"},{"time":1.9,"name":"logo_wild/a_22"},{"time":1.9333,"name":"logo_wild/a_23"},{"time":1.9667,"name":"logo_wild/a_24"},{"time":2,"name":"logo_wild/a_25"},{"time":2.0333,"name":"logo_wild/a_26"},{"time":2.0667,"name":"logo_wild/a_27"},{"time":2.1,"name":"logo_wild/a_28"},{"time":2.1333,"name":"logo_wild/a_29"},{"time":2.1667,"name":"logo_wild/a_30"},{"time":2.2,"name":null},{"time":3,"name":null},{"time":4.1667,"name":"logo_wild/a_00"},{"time":4.2,"name":"logo_wild/a_01"},{"time":4.2333,"name":"logo_wild/a_02"},{"time":4.2667,"name":"logo_wild/a_03"},{"time":4.3,"name":"logo_wild/a_04"},{"time":4.3333,"name":"logo_wild/a_05"},{"time":4.3667,"name":"logo_wild/a_06"},{"time":4.4,"name":"logo_wild/a_07"},{"time":4.4333,"name":"logo_wild/a_08"},{"time":4.4667,"name":"logo_wild/a_09"},{"time":4.5,"name":"logo_wild/a_10"},{"time":4.5333,"name":"logo_wild/a_11"},{"time":4.5667,"name":"logo_wild/a_12"},{"time":4.6,"name":"logo_wild/a_13"},{"time":4.6333,"name":"logo_wild/a_14"},{"time":4.6667,"name":"logo_wild/a_15"},{"time":4.7,"name":"logo_wild/a_16"},{"time":4.7333,"name":"logo_wild/a_17"},{"time":4.7667,"name":"logo_wild/a_18"},{"time":4.8,"name":"logo_wild/a_19"},{"time":4.8333,"name":"logo_wild/a_20"},{"time":4.8667,"name":"logo_wild/a_21"},{"time":4.9,"name":"logo_wild/a_22"},{"time":4.9333,"name":"logo_wild/a_23"},{"time":4.9667,"name":"logo_wild/a_24"},{"time":5,"name":"logo_wild/a_25"},{"time":5.0333,"name":"logo_wild/a_26"},{"time":5.0667,"name":"logo_wild/a_27"},{"time":5.1,"name":"logo_wild/a_28"},{"time":5.1333,"name":"logo_wild/a_29"},{"time":5.1667,"name":"logo_wild/a_30"},{"time":5.2,"name":null}]},"xtra_s":{"attachment":[{"time":0,"name":null},{"time":0.6667,"name":"logo_xtra/a_00"},{"time":0.7,"name":"logo_xtra/a_01"},{"time":0.7333,"name":"logo_xtra/a_02"},{"time":0.7667,"name":"logo_xtra/a_03"},{"time":0.8,"name":"logo_xtra/a_04"},{"time":0.8333,"name":"logo_xtra/a_05"},{"time":0.8667,"name":"logo_xtra/a_06"},{"time":0.9,"name":"logo_xtra/a_07"},{"time":0.9333,"name":"logo_xtra/a_08"},{"time":0.9667,"name":"logo_xtra/a_09"},{"time":1,"name":"logo_xtra/a_10"},{"time":1.0333,"name":"logo_xtra/a_11"},{"time":1.0667,"name":"logo_xtra/a_12"},{"time":1.1,"name":"logo_xtra/a_13"},{"time":1.1333,"name":"logo_xtra/a_14"},{"time":1.1667,"name":"logo_xtra/a_15"},{"time":1.2,"name":"logo_xtra/a_16"},{"time":1.2333,"name":"logo_xtra/a_17"},{"time":1.2667,"name":"logo_xtra/a_18"},{"time":1.3,"name":"logo_xtra/a_19"},{"time":1.3333,"name":"logo_xtra/a_20"},{"time":1.3667,"name":"logo_xtra/a_21"},{"time":1.4,"name":"logo_xtra/a_22"},{"time":1.4333,"name":"logo_xtra/a_23"},{"time":1.4667,"name":"logo_xtra/a_24"},{"time":1.5,"name":"logo_xtra/a_25"},{"time":1.5333,"name":null},{"time":3,"name":null},{"time":3.6667,"name":"logo_xtra/a_00"},{"time":3.7,"name":"logo_xtra/a_01"},{"time":3.7333,"name":"logo_xtra/a_02"},{"time":3.7667,"name":"logo_xtra/a_03"},{"time":3.8,"name":"logo_xtra/a_04"},{"time":3.8333,"name":"logo_xtra/a_05"},{"time":3.8667,"name":"logo_xtra/a_06"},{"time":3.9,"name":"logo_xtra/a_07"},{"time":3.9333,"name":"logo_xtra/a_08"},{"time":3.9667,"name":"logo_xtra/a_09"},{"time":4,"name":"logo_xtra/a_10"},{"time":4.0333,"name":"logo_xtra/a_11"},{"time":4.0667,"name":"logo_xtra/a_12"},{"time":4.1,"name":"logo_xtra/a_13"},{"time":4.1333,"name":"logo_xtra/a_14"},{"time":4.1667,"name":"logo_xtra/a_15"},{"time":4.2,"name":"logo_xtra/a_16"},{"time":4.2333,"name":"logo_xtra/a_17"},{"time":4.2667,"name":"logo_xtra/a_18"},{"time":4.3,"name":"logo_xtra/a_19"},{"time":4.3333,"name":"logo_xtra/a_20"},{"time":4.3667,"name":"logo_xtra/a_21"},{"time":4.4,"name":"logo_xtra/a_22"},{"time":4.4333,"name":"logo_xtra/a_23"},{"time":4.4667,"name":"logo_xtra/a_24"},{"time":4.5,"name":"logo_xtra/a_25"},{"time":4.5333,"name":null}]}},"bones":{"guang_zhuan":{"rotate":[{"time":0,"angle":0},{"time":3,"angle":180},{"time":6,"angle":0}]},"symbol":{"translate":[{"time":0,"x":0,"y":0,"curve":[0.25,0,0.75,1]},{"time":0.7667,"x":1,"y":0,"curve":[0.25,0,0.75,1]},{"time":1.5,"x":0,"y":0,"curve":[0.25,0,0.75,1]},{"time":2.2667,"x":1,"y":0,"curve":[0.25,0,0.75,1]},{"time":3,"x":0,"y":0,"curve":[0.25,0,0.75,1]},{"time":3.7667,"x":1,"y":0,"curve":[0.25,0,0.75,1]},{"time":4.5,"x":0,"y":0,"curve":[0.25,0,0.75,1]},{"time":5.2667,"x":1,"y":0,"curve":[0.25,0,0.75,1]},{"time":6,"x":0,"y":0}],"scale":[{"time":0,"x":0.98,"y":0.98,"curve":[0.25,0,0.75,1]},{"time":0.7667,"x":1.03,"y":1.03,"curve":[0.25,0,0.75,1]},{"time":1.5,"x":0.98,"y":0.98,"curve":[0.25,0,0.75,1]},{"time":2.2667,"x":1.03,"y":1.03,"curve":[0.25,0,0.75,1]},{"time":3,"x":0.98,"y":0.98,"curve":[0.25,0,0.75,1]},{"time":3.7667,"x":1.03,"y":1.03,"curve":[0.25,0,0.75,1]},{"time":4.5,"x":0.98,"y":0.98,"curve":[0.25,0,0.75,1]},{"time":5.2667,"x":1.03,"y":1.03,"curve":[0.25,0,0.75,1]},{"time":6,"x":0.98,"y":0.98}]},"logo":{"scale":[{"time":0,"x":1,"y":1,"curve":[0.25,0,0.75,1]},{"time":1.5,"x":1.06,"y":1.06,"curve":[0.25,0,0.75,1]},{"time":3,"x":1,"y":1,"curve":[0.25,0,0.75,1]},{"time":4.5,"x":1.06,"y":1.06,"curve":[0.25,0,0.75,1]},{"time":6,"x":1,"y":1}]},"wild":{"scale":[{"time":0,"x":1.043,"y":1.043,"curve":[0.351,0.4,0.757,1]},{"time":1,"x":1,"y":1,"curve":[0.25,0,0.75,1]},{"time":2.5,"x":1.06,"y":1.06,"curve":[0.265,0,0.618,0.43]},{"time":3,"x":1.043,"y":1.043,"curve":[0.351,0.4,0.757,1]},{"time":4,"x":1,"y":1,"curve":[0.25,0,0.75,1]},{"time":5.5,"x":1.06,"y":1.06,"curve":[0.265,0,0.618,0.43]},{"time":6,"x":1.043,"y":1.043}]},"btn_s":{"scale":[{"time":0,"x":1.25,"y":1}]},"jinbi4":{"rotate":[{"time":0,"angle":1.02,"curve":[0.369,0.47,0.753,1]},{"time":0.8333,"angle":2.4,"curve":[0.25,0,0.75,1]},{"time":2.3333,"angle":0,"curve":[0.25,0,0.75,1]},{"time":3.8333,"angle":2.4,"curve":[0.25,0,0.75,1]},{"time":5.3333,"angle":0,"curve":[0.25,0,0.75,1]},{"time":6,"angle":1.02}]},"jinbi3":{"rotate":[{"time":0,"angle":0.86,"curve":[0.351,0.4,0.757,1]},{"time":1,"angle":0,"curve":[0.25,0,0.75,1]},{"time":2.5,"angle":1.2,"curve":[0.25,0,0.75,1]},{"time":4,"angle":0,"curve":[0.25,0,0.75,1]},{"time":5.5,"angle":1.2,"curve":[0.265,0,0.618,0.43]},{"time":6,"angle":0.86}],"translate":[{"time":0,"x":0.61,"y":0.31,"curve":[0.377,0.61,0.72,1]},{"time":0.3333,"x":0,"y":0,"curve":[0.25,0,0.75,1]},{"time":1.8333,"x":3.96,"y":2,"curve":[0.25,0,0.75,1]},{"time":3.3333,"x":0,"y":0,"curve":[0.25,0,0.75,1]},{"time":4.8333,"x":3.96,"y":2,"curve":[0.243,0,0.674,0.69]},{"time":6,"x":0.61,"y":0.31}]},"jinbi2":{"translate":[{"time":0,"x":0,"y":0,"curve":[0.25,0,0.75,1]},{"time":1.5,"x":0,"y":2,"curve":[0.25,0,0.75,1]},{"time":3,"x":0,"y":0,"curve":[0.25,0,0.75,1]},{"time":4.5,"x":0,"y":2,"curve":[0.25,0,0.75,1]},{"time":6,"x":0,"y":0}]}}}}}